"","Result","row.name","imagerow","imagecol"
"1","result.1","AAACAACGAATAGTTC-1",96.93069,132.27723
"2","result.1","AAACAAGTATCTCCCA-1",391.85643,422.0297
"3","result.1","AAACAATCTACTAGCA-1",114.85148,223.46534
"4","result.1","AAACACCAATAACTGC-1",443.93564,141.36138
"5","result.1","AAACAGAGCGACTCCT-1",180.07426,395.64356
"6","result.1","AAACAGCTTTCAGAAG-1",349.72772,107.84653
"7","result.1","AAACAGGGTCTATATT-1",373.29208,121.28713
"8","result.1","AAACATGGTGAGAGGA-1",461.36138,77.07921
"9","result.1","AAACATTTCCCGGATT-1",456.48514,404.92574
"10","result.1","AAACCACTACACAGAT-1",115.64356,473.56435
"11","result.1","AAACCCGAACGAAATC-1",362.59901,466.0396
"12","result.1","AAACCGGAAATGTTAA-1",415.61881,496.31188
"13","result.1","AAACCGGGTAGGTACC-1",344.0594,172.07921
"14","result.1","AAACCGTTCGTCCAGG-1",402.99505,219.20792
"15","result.1","AAACCTAAGCAGCCGG-1",479.87623,357.52475
"16","result.1","AAACCTCATGAAGTTG-1",314.55445,141.75742
"17","result.1","AAACGAAGAACATACC-1",132.72277,294.38119
"18","result.1","AAACGAAGATGGAGTA-1",437.89604,90.66832
"19","result.1","AAACGACAGTCTTGCC-1",109.75247,476.95544
"20","result.1","AAACGAGACGGTTGAT-1",303.41584,344.55445
"21","result.1","AAACGCCCGAGATCGG-1",121.41089,443.11881
"22","result.1","AAACGGGCGTACGGGT-1",479.95049,384.5792
"23","result.1","AAACGGGTTGGTATCC-1",102.89604,155.91584
"24","result.1","AAACGGTTGCGAACTG-1",491.38613,276.38614
"25","result.1","AAACGTGTTCGCCCTA-1",180.32178,476.73267
"26","result.1","AAACTAACGTGGCGAC-1",144.95049,449.82673
"27","result.1","AAACTCGGTTCGCAAT-1",485.61881,313.58911
"28","result.1","AAACTCGTGATATAAG-1",233.19307,459.67821
"29","result.1","AAACTGCTGGCTCCAA-1",362.10396,303.81188
"30","result.1","AAACTTAATTGCACGC-1",473.24257,117.59901
"31","result.1","AAACTTGCAAACGTAT-1",361.60891,141.60891
"32","result.1","AAAGAATGACCTTAGA-1",473.14356,83.81188
"33","result.1","AAAGACATGAAGTTTA-1",97.72277,389.13366
"34","result.1","AAAGACCCAAGTCGCG-1",156.08911,240.24752
"35","result.1","AAAGACTGGGCGCTTT-1",267.47524,128.36634
"36","result.1","AAAGCTTGCCTACATA-1",250.94059,490.0495
"37","result.1","AAAGGCCCTATAATAC-1",485.12376,151.36138
"38","result.1","AAAGGCTACGGACCAT-1",461.93069,259.57921
"39","result.1","AAAGGCTCTCGCGCCG-1",420.76732,263.09406
"40","result.1","AAAGGGATGTAGCAAG-1",238.5396,287.30198
"41","result.1","AAAGGGCAGCTTGAAT-1",238.16831,165.64356
"42","result.1","AAAGGTAAGCTGTACC-1",156.68317,436.26237
"43","result.1","AAAGGTCAACGACATG-1",97.94554,456.70792
"44","result.1","AAAGTAGCATTGCTCA-1",396.95544,168.5396
"45","result.1","AAAGTCACTGATGTAA-1",156.11386,253.76237
"46","result.1","AAAGTCGACCCTCAGT-1",314.50495,128.21782
"47","result.1","AAAGTGTGATTTATCT-1",356.48514,395.09901
"48","result.1","AAAGTTGACTCCCGTA-1",344.75247,401.88118
"49","result.1","AAATAACCATACGGGA-1",180.02475,375.34653
"50","result.1","AAATAAGGTAGTGCCC-1",280.27227,466.28712
"51","result.1","AAATACCTATAAGCAT-1",373.88613,310.54455
"52","result.1","AAATAGCTTAGACTTT-1",309.5792,435.79207
"53","result.1","AAATAGGGTGCTATTG-1",409.25742,344.23267
"54","result.1","AAATCACTCCTAAACG-1",98.04455,490.5198
"55","result.1","AAATCCGATACACGCC-1",479.92574,371.06435
"56","result.1","AAATCGCGGAAGGAGT-1",432.0297,94.0594
"57","result.1","AAATCGTGTACCACAA-1",356.08911,266.65841
"58","result.1","AAATCTAGCCCTGCTA-1",409.48019,418.5891
"59","result.1","AAATGATTCGATCAGC-1",221.41089,452.97029
"60","result.1","AAATGCTCGTTACGTT-1",191.11386,159.03465
"61","result.1","AAATGGCATGTCTTGT-1",173.93564,311.16336
"62","result.1","AAATGGCCCGTGCCCT-1",385.09901,134.77723
"63","result.1","AAATGGTCAATGTGCC-1",291.36138,249.97525
"64","result.1","AAATGTATCTTATCCC-1",249.67822,77.72277
"65","result.1","AAATGTGGGTGCTCCT-1",109.10891,260.66831
"66","result.1","AAATTAACGGGTAGCT-1",297.32673,273.61386
"67","result.1","AAATTAATAAGCGCGA-1",285,91.13861
"68","result.1","AAATTACACGACTCTG-1",180,368.58911
"69","result.1","AAATTACCTATCGATG-1",250.64356,395.42079
"70","result.1","AAATTCCAGGTCCAAA-1",303.78713,466.23762
"71","result.1","AAATTGATAGTCCTTT-1",420.5198,181.9802
"72","result.1","AAATTGCGGCGGTTCT-1",126.38614,142.32673
"73","result.1","AAATTGGTGAGAAGCA-1",186.21287,480.09901
"74","result.1","AAATTTACCGAAATCC-1",132.99505,382.25247
"75","result.1","AAATTTGCGGGTGTGG-1",373.51485,188.88614
"76","result.1","AACAACTGGTAGTTGC-1",261.85643,219.62871
"77","result.1","AACAATACATTGTCGA-1",455.86633,202.15346
"78","result.1","AACAATTACTCTACGC-1",267.57425,162.17822
"79","result.1","AACACACGCTCGCCGC-1",397.64851,391.58415
"80","result.1","AACACGACTGTACTGA-1",150.37129,297.72277
"81","result.1","AACACGAGACGCGGCC-1",361.60891,148.36634
"82","result.1","AACACGCGGCCGCGAA-1",132.40099,192.99505
"83","result.1","AACAGCTGTGTGGCAA-1",444.0594,181.90594
"84","result.1","AACAGGAAATCGAATA-1",185.66831,304.35643
"85","result.1","AACAGGATGGGCCGCG-1",267.62376,182.45049
"86","result.1","AACAGGTAGTATGGAT-1",386.08911,459.20792
"87","result.1","AACATATCAACTGGTG-1",256.58416,412.30198
"88","result.1","AACATCGATACGTCTA-1",197.92079,459.80198
"89","result.1","AACATTGAAGTTGATC-1",491.01485,154.72772
"90","result.1","AACATTGGTCAGCCGT-1",114.60396,135.59406
"91","result.1","AACATTGTGACTCGAG-1",473.66336,252.79703
"92","result.1","AACCAAGACTTCTCTG-1",308.71287,158.66336
"93","result.1","AACCAGTATCACTCTT-1",133.0198,389.0099
"94","result.1","AACCATAGGGTTGAAC-1",479.13366,114.20792
"95","result.1","AACCATGGGATCGCTA-1",179.40594,179.33168
"96","result.1","AACCCAGAGACGGAGA-1",185.39604,209.72772
"97","result.1","AACCCATCCCATGATC-1",426.23762,124.50495
"98","result.1","AACCCGACAACCCGTG-1",491.21287,222.32673
"99","result.1","AACCCGAGCAGAATCG-1",433.14356,459.0594
"100","result.1","AACCCTACTGTCAATA-1",332.99505,401.93069
"101","result.1","AACCCTGGTGGAACCA-1",144.55445,314.62871
"102","result.1","AACCGAGCTTGGTCAT-1",238.63861,314.33168
"103","result.1","AACCGCTAAGGGATGC-1",368.24257,388.29208
"104","result.1","AACCGTTGTGTTTGCT-1",167.99505,294.28218
"105","result.1","AACCTAAAGCCGTCCG-1",97.59901,348.56435
"106","result.1","AACCTCGCTTTAGCCC-1",462.22772,354.20792
"107","result.1","AACCTGTCACGGAATT-1",309.70297,476.33663
"108","result.1","AACCTTTAAATACGGT-1",415.02475,307.0297
"109","result.1","AACCTTTACGACGTCT-1",191.80693,388.83663
"110","result.1","AACGAAAGTCGTCCCA-1",437.92079,104.18317
"111","result.1","AACGATAATGCCGTAG-1",409.20792,323.96039
"112","result.1","AACGATAGAAGGGCCG-1",185.54455,257.05445
"113","result.1","AACGATATGTCAACTG-1",238.68812,334.62871
"114","result.1","AACGCATGATCTGGGT-1",215.47029,429.33168
"115","result.1","AACGCGAACGGCAACA-1",144.0594,152.40099
"116","result.1","AACGCGACCTTGGGCG-1",491.31188,256.11386
"117","result.1","AACGCGGTCTCCAGCC-1",232.69802,297.45049
"118","result.1","AACGCTGTTGCTGAAA-1",415.29703,394.90099
"119","result.1","AACGGACGTACGTATA-1",391.75742,388.21782
"120","result.1","AACGGCCATCTCCGGT-1",373.56435,209.15841
"121","result.1","AACGTACTGTGGGTAC-1",379.48019,219.28218
"122","result.1","AACGTAGTCTACCCAT-1",103.06931,216.75742
"123","result.1","AACGTCAGACTAGTGG-1",238.31683,212.94554
"124","result.1","AACGTGATGAAGGACA-1",150.56931,358.5396
"125","result.1","AACGTGCGAAAGTCTC-1",309.23267,327.64851
"126","result.1","AACGTTATCAGCACCT-1",226.26237,111.60891
"127","result.1","AACTACCCGTTTGTCA-1",374.33168,459.25742
"128","result.1","AACTAGCGTATCGCAC-1",120.79208,240.34653
"129","result.1","AACTAGGCTTGGGTGT-1",420.84158,283.36633
"130","result.1","AACTCAAGTTAATTGC-1",320.69307,226.21287
"131","result.1","AACTCCAGAGCGTGTT-1",450.5693,388.04455
"132","result.1","AACTCCTAATCCCATG-1",168.29208,388.91089
"133","result.1","AACTCGATAAACACGT-1",120.42079,118.68812
"134","result.1","AACTCGATGGCGCAGT-1",161.73267,169.25742
"135","result.1","AACTCTCAATAGAGCG-1",303.56435,391.88118
"136","result.1","AACTCTCAGTGTGCTC-1",408.86138,215.81683
"137","result.1","AACTGAGGTCAGCGTC-1",150.84158,453.16831
"138","result.1","AACTGATATTAGGCCT-1",191.5594,300.96534
"139","result.1","AACTGGGTCCCGACGT-1",215.07426,300.89109
"140","result.1","AACTGGGTTCGAGCCG-1",115.34653,378.93564
"141","result.1","AACTGGTGTGGGCCTT-1",138.44059,243.68812
"142","result.1","AACTTCTGCGTCTATC-1",202.82178,138.71287
"143","result.1","AACTTGCCCGTATGCA-1",267.59901,168.93564
"144","result.1","AACTTGCGTTCTCGCG-1",179.30693,145.54455
"145","result.1","AACTTTACGGGAGCTT-1",279.13366,101.28713
"146","result.1","AACTTTAGCTGCTGAG-1",126.68317,243.71287
"147","result.1","AACTTTCTCGATCATG-1",227.42574,496.88118
"148","result.1","AAGAAGGATCAGTTAG-1",173.4901,162.45049
"149","result.1","AAGACATACGTGGTTT-1",497.84653,462.25247
"150","result.1","AAGACCAAATAACTCA-1",461.43564,97.35148
"151","result.1","AAGACCCAACTGAACA-1",450.17326,259.62871
"152","result.1","AAGACTAACCCGTTGT-1",126.46039,169.35643
"153","result.1","AAGACTCACGCCCACT-1",103.63861,399.25742
"154","result.1","AAGACTGCAAGCTACT-1",309.18317,307.37623
"155","result.1","AAGAGATGAATCGGTA-1",255.84158,168.96039
"156","result.1","AAGAGCTCTTTATCGG-1",303.39109,337.79703
"157","result.1","AAGAGGATGTACGCGA-1",326.41089,175.49505
"158","result.1","AAGAGGCATGGATCGC-1",309.30693,347.92079
"159","result.1","AAGAGGCCCTTTGGAA-1",444.85148,445.5198
"160","result.1","AAGATGGCACCGGACC-1",444.13366,208.93564
"161","result.1","AAGATTGGCGGAACGT-1",250.59406,381.90594
"162","result.1","AAGCACCCTGCGTATC-1",444.48019,323.83663
"163","result.1","AAGCATACTCTCCTGA-1",409.15841,310.44554
"164","result.1","AAGCCGAAGCGGTTTA-1",386.0396,438.93564
"165","result.1","AAGCCGCCGTGAAATC-1",479.25742,154.75247
"166","result.1","AAGCGCAGGGCTTTGA-1",491.53465,323.71287
"167","result.1","AAGCGGCGTCATGGGT-1",150.71782,405.86633
"168","result.1","AAGCGTCCCTCATCGA-1",432.32673,195.4703
"169","result.1","AAGCTAGATCGAGTAA-1",391.5099,307.10396
"170","result.1","AAGCTCGTGCCAAGTC-1",303.34158,324.28217
"171","result.1","AAGCTCTTTCATGGTG-1",432.79703,350.91584
"172","result.1","AAGGAGAACTTATAAG-1",115,270.79208
"173","result.1","AAGGAGCGGTTGGTGC-1",261.93069,239.92574
"174","result.1","AAGGATCGATCGCTTG-1",327.25247,445.86633
"175","result.1","AAGGATGAGGGACCTC-1",256.46039,371.73267
"176","result.1","AAGGCAGGCTGTCTCC-1",344.97524,476.23762
"177","result.1","AAGGCGCGTAAAGCTT-1",238.29208,206.18812
"178","result.1","AAGGCTGTGCTCATCG-1",273.66336,233.11881
"179","result.1","AAGGGAACGACTGGCT-1",467.47524,148.04455
"180","result.1","AAGGGACAGATTCTGT-1",250.61881,388.66336
"181","result.1","AAGGGACTATGCATTC-1",449.87623,165
"182","result.1","AAGGGTTTGATTTCAG-1",443.73762,80.5198
"183","result.1","AAGGTATCCTAATATA-1",244.62871,351.5099
"184","result.1","AAGGTGATAAACCAGC-1",356.48514,388.34158
"185","result.1","AAGTAAGCTTCCAAAC-1",97.20297,213.39109
"186","result.1","AAGTAGAAGACCGGGT-1",208.98515,236.70792
"187","result.1","AAGTAGTGACGCGAGG-1",291.16336,182.37624
"188","result.1","AAGTCAATTGTCGTCA-1",362.45049,418.73762
"189","result.1","AAGTCTTCTGTGGCCT-1",326.13861,87.64851
"190","result.1","AAGTGACGACCGAATT-1",338.14356,161.95544
"191","result.1","AAGTGAGTCGGGTTTA-1",461.85643,239.30693
"192","result.1","AAGTGCAAAGGTAGAC-1",261.53465,111.48515
"193","result.1","AAGTGCCTTGACTGTA-1",356.60891,428.88613
"194","result.1","AAGTGCGTTAGAATCT-1",385.19802,168.56435
"195","result.1","AAGTGCTTCTCTATTG-1",502.92079,202.00495
"196","result.1","AAGTGTTTGGAGACGG-1",403.39109,347.62376
"197","result.1","AAGTTCACTCCAAGCT-1",432.84653,364.43069
"198","result.1","AAGTTCAGTCTGCGTA-1",203.71287,429.35643
"199","result.1","AAGTTCGGCCAACAGG-1",367.62376,192.27723
"200","result.1","AAGTTGTGATGTTATA-1",485.99009,435.24752
"201","result.1","AAGTTTACTAATGGCA-1",126.80693,284.25742
"202","result.1","AAGTTTATGGGCCCAA-1",497.37623,313.5396
"203","result.1","AATAACAACGCTCGGC-1",308.78713,178.93564
"204","result.1","AATAACACTAGAACAA-1",402.97029,205.69307
"205","result.1","AATAAGTCCTCGAGAC-1",126.90594,318.0693
"206","result.1","AATAATCTTCGTATCG-1",403.83663,489.5792
"207","result.1","AATACAATGTTTCAGG-1",232.22772,142.00495
"208","result.1","AATACCGGAGGGCTGT-1",491.16336,202.0297
"209","result.1","AATAGAACAGAGTGGC-1",403.04455,232.72277
"210","result.1","AATAGAATCTGTTTCA-1",379.92574,367.97029
"211","result.1","AATAGCAAGCCTCCTG-1",139.08416,453.21782
"212","result.1","AATAGCTACCGCGTGC-1",209.65346,452.99504
"213","result.1","AATAGTCCGTCCCGAC-1",432.5495,269.80198
"214","result.1","AATAGTCGCGAGTCGG-1",243.86138,101.41089
"215","result.1","AATATCAAGGTCGGAT-1",144.25742,220
"216","result.1","AATATCCTAGCAAACT-1",367.30198,84.13366
"217","result.1","AATATCGAATCAATGC-1",386.06435,445.69306
"218","result.1","AATATCGAGGGTTCTC-1",256.60891,419.0594
"219","result.1","AATATTGGAGTATTGA-1",308.71287,151.90594
"220","result.1","AATCAGACTGCAGGAC-1",126.41089,155.84158
"221","result.1","AATCAGGTTTCATTTA-1",502.87128,188.4901
"222","result.1","AATCATGTAAAGACTC-1",415.34653,408.44059
"223","result.1","AATCCAAGGGCCTGAG-1",173.71287,236.80693
"224","result.1","AATCCATGCAAGGGTG-1",144.08416,165.91584
"225","result.1","AATCGCCTCAGCGCCA-1",326.93069,344.48019
"226","result.1","AATCGCGCAGAGGACT-1",344.95049,462.72277
"227","result.1","AATCGGGACACTACGA-1",144.43069,280.84158
"228","result.1","AATCGTGAGCCGAGCA-1",491.63366,357.5
"229","result.1","AATCTAGGTTTACTTG-1",402.72277,131.33663
"230","result.1","AATCTATGCCGGAGCC-1",250.81683,449.48019
"231","result.1","AATCTCTACTGTGGTT-1",320.34653,111.31188
"232","result.1","AATCTGCGTTGGGACG-1",285.91584,388.5396
"233","result.1","AATCTGGCTTTCTAGT-1",396.83168,127.9703
"234","result.1","AATCTGGGTAGACCCT-1",121.26238,395.81683
"235","result.1","AATGACAGCAATGTCT-1",379.35643,178.71287
"236","result.1","AATGACGTAGGATGTC-1",356.33663,341.01485
"237","result.1","AATGACTGTCAGCCGG-1",232.52475,236.63366
"238","result.1","AATGAGTTCGCATATG-1",185.19802,148.91089
"239","result.1","AATGATGATACGCTAT-1",232.99505,392.0792
"240","result.1","AATGATGCGACTCCTG-1",244.82673,419.08415
"241","result.1","AATGCAACCGGGTACC-1",244.40594,277.15346
"242","result.1","AATGCACCAAGCAATG-1",209.50495,405.69307
"243","result.1","AATGGCCGCCAATGCG-1",115.69307,493.83663
"244","result.1","AATGGTCCACCGTTCA-1",273.36633,131.73267
"245","result.1","AATGGTTCTCACAAGC-1",208.86138,196.13861
"246","result.1","AATGTATGGCACTGTA-1",479.10891,107.45049
"247","result.1","AATGTGCCCGAGGTGT-1",420.49505,168.46534
"248","result.1","AATGTGCTAATCTGAG-1",485.22277,185.14851
"249","result.1","AATGTTGTCGTGAGAC-1",497.77227,441.98019
"250","result.1","AATTAAAGGTCGGCGT-1",332.52475,246.46039
"251","result.1","AATTAACGGATTTCCA-1",438.5396,300.19802
"252","result.1","AATTACGAGACCCATC-1",443.78712,94.03465
"253","result.1","AATTACTCGTACGCTC-1",155.66832,105.0495
"254","result.1","AATTAGCGCTGCAGCG-1",397.32673,290.19802
"255","result.1","AATTCATAAGGGATCT-1",232.97029,385.32178
"256","result.1","AATTCATTGTCATGCA-1",467.35148,107.47525
"257","result.1","AATTCCAACTTGGTGA-1",114.55445,122.07921
"258","result.1","AATTCCAAGCATGTAC-1",485.49504,273.0198
"259","result.1","AATTCGATTCGAGGAT-1",485.66831,333.86138
"260","result.1","AATTCTAGAGTTAGGC-1",385.5693,290.22277
"261","result.1","AATTGAACGCTCTGGT-1",362.25247,357.89604
"262","result.1","AATTGCAGCAATCGAC-1",474.18316,421.75742
"263","result.1","AATTGCGTGGATTACA-1",490.86633,107.40099
"264","result.1","AATTGTGGTTGCCAAA-1",480.24752,479.20792
"265","result.1","AATTTGGGACATAGTA-1",174.15841,385.5198
"266","result.1","AATTTGGTTCCAAAGA-1",162.15346,304.43069
"267","result.1","ACAAACCATGCGTCCT-1",473.29207,131.11386
"268","result.1","ACAAACCGACAAGGCG-1",97.57426,341.80693
"269","result.1","ACAAAGAAGGTAGGCC-1",367.32673,90.89109
"270","result.1","ACAAAGCATGACCTAG-1",468.26732,404.87623
"271","result.1","ACAAATCGCACCGAAT-1",391.65841,354.43069
"272","result.1","ACAAATGGTAGTGTTT-1",356.38614,361.28713
"273","result.1","ACAAATTCAGATCTGA-1",139.0099,426.18811
"274","result.1","ACAACAGCATGAGCTA-1",285.69307,320.96534
"275","result.1","ACAACGGTCCCTGCGA-1",226.46039,179.18317
"276","result.1","ACAAGCAGTGCCTAGC-1",273.46534,165.5198
"277","result.1","ACAAGCTATATGGAAG-1",314.35643,80.91584
"278","result.1","ACAAGGAAATCCGCCC-1",385.69307,330.79208
"279","result.1","ACAAGGACAAGAGGTT-1",267.69802,202.72277
"280","result.1","ACAAGGATGCTTTAGG-1",456.38613,371.13861
"281","result.1","ACAAGGCCTACCAGCC-1",121.38614,436.36138
"282","result.1","ACAAGGGCAGGCTCTG-1",356.31188,334.25742
"283","result.1","ACAATAGTCGTACGTT-1",343.96039,145.02475
"284","result.1","ACAATCCATTTAAACC-1",308.81188,185.69307
"285","result.1","ACAATCGATCTTTATA-1",109.18317,287.69802
"286","result.1","ACAATGAATACGGAGA-1",432.27722,181.93069
"287","result.1","ACAATGATTCTTCTAC-1",144.97525,456.58415
"288","result.1","ACAATTGTGTCTCTTT-1",397.69802,405.09901
"289","result.1","ACAATTTAGGAGGCTC-1",279.15841,108.06931
"290","result.1","ACAATTTGAGCAGTGG-1",262.27723,354.82673
"291","result.1","ACAATTTGGCCATATT-1",350.91584,493.11881
"292","result.1","ACACAAAGACGGGTGG-1",238.4901,267.0297
"293","result.1","ACACACCAGGACCAGT-1",356.46039,381.58415
"294","result.1","ACACACTTTCTACACG-1",179.77723,294.23267
"295","result.1","ACACATGATCAAATCT-1",449.77722,131.18812
"296","result.1","ACACATTGACGCAACA-1",143.91089,105.09901
"297","result.1","ACACCACATAATTAGC-1",280.29703,473.0693
"298","result.1","ACACCCAGCATGCAGC-1",238.41584,246.75742
"299","result.1","ACACCCGAGAAATCCG-1",208.91089,209.65346
"300","result.1","ACACCGAGCGCTCTTT-1",185.02475,94.82673
"301","result.1","ACACCGGTCTGACCGC-1",479.18316,134.4802
"302","result.1","ACACCTTAAGTAGGGC-1",244.23267,223.0693
"303","result.1","ACACCTTACTACTTGC-1",339.03465,452.59901
"304","result.1","ACACGAGACTCCTTCT-1",279.80198,317.59901
"305","result.1","ACACGGCACTATGCAT-1",138.68812,318.0198
"306","result.1","ACACGGGAACTTAGGG-1",256.28713,317.67326
"307","result.1","ACACGTAGGCCACAAG-1",438.98514,448.91089
"308","result.1","ACACTCCAATGTCACT-1",196.93069,135.34653
"309","result.1","ACACTGATCAAGGTGT-1",403.0693,239.4802
"310","result.1","ACACTGGGACAGTCGT-1",444.92574,465.79207
"311","result.1","ACAGAACTGAGAACAA-1",402.82178,158.36634
"312","result.1","ACAGATTAGGTTAGTG-1",138.5396,270.71782
"313","result.1","ACAGCATAGAGCCAGT-1",156.18812,274.03465
"314","result.1","ACAGCGACATTCTCAT-1",444.75247,411.70792
"315","result.1","ACAGCGCACCCGCAGC-1",156.41089,348.39109
"316","result.1","ACAGGAGGCGCAGCCG-1",108.5396,78.16832
"317","result.1","ACAGGCACGGATCCTT-1",503.51485,398.0198
"318","result.1","ACAGGCTTGCCCGACT-1",409.35643,371.26237
"319","result.1","ACAGGTGGAGGTGAGG-1",397.0792,209.08416
"320","result.1","ACAGGTGTGTTGTTGC-1",320.24752,77.52475
"321","result.1","ACAGTAATACAACTTG-1",367.42574,124.67822
"322","result.1","ACAGTATACCGTGGGA-1",209.75247,480.02475
"323","result.1","ACAGTGCAGCGCATTT-1",97.9703,470.24752
"324","result.1","ACATAAGTCGTGGTGA-1",443.81188,107.5495
"325","result.1","ACATAATAAGGCGGTG-1",220.91584,290.74257
"326","result.1","ACATCAGCTGGGACGC-1",285.07425,118.16832
"327","result.1","ACATCCCGGCCATACG-1",420.79208,269.85148
"328","result.1","ACATCCTGGTAACTGT-1",344.82673,422.15346
"329","result.1","ACATCGATCGTTTACC-1",344.40594,286.9802
"330","result.1","ACATCGGTCAGCCGCG-1",338.26732,202.5
"331","result.1","ACATCGTATGCAATGG-1",362.25247,351.13861
"332","result.1","ACATCGTTAACCTAGT-1",150.4703,331.5099
"333","result.1","ACATCTCAACGCGTAA-1",121.06436,328.21782
"334","result.1","ACATGGCGCCAAAGTA-1",333.0693,428.96039
"335","result.1","ACATGGCTCAATTTAG-1",143.96039,125.37129
"336","result.1","ACATTAGTTTATATCC-1",397.32673,283.44059
"337","result.1","ACCAAACACCCAGCGA-1",197.94554,466.5594
"338","result.1","ACCAAACTAGAAATCC-1",115.12376,304.5792
"339","result.1","ACCAACACCACACACT-1",215.5198,449.60396
"340","result.1","ACCAACCGCACTCCAC-1",480.02475,404.85148
"341","result.1","ACCAACGCTTATTTAT-1",408.96039,242.84653
"342","result.1","ACCAAGAACGCGTGTC-1",197.25247,243.4901
"343","result.1","ACCAATATGCAAGTTA-1",426.90594,340.79208
"344","result.1","ACCACAACTCAGAACA-1",138.78713,351.83168
"345","result.1","ACCACAAGTTTCTATC-1",273.76237,260.14851
"346","result.1","ACCACCAATGTAACAA-1",338.98515,439.08415
"347","result.1","ACCACCCTCTCTTCTA-1",233.29208,486.73267
"348","result.1","ACCACGTGCAGCTATA-1",379.82673,334.18316
"349","result.1","ACCACTGTTCAAGAAG-1",155.64356,98.29208
"350","result.1","ACCAGACCATAACAAC-1",320.27227,91.0396
"351","result.1","ACCAGCCCGGTCTTTG-1",121.0396,321.46039
"352","result.1","ACCAGGAGTGTGATCT-1",115,264.03465
"353","result.1","ACCAGTGCCCGGTCAA-1",150.76733,426.13861
"354","result.1","ACCAGTGCGGGAGACG-1",380.02475,395.02475
"355","result.1","ACCATATCCGCAATAA-1",320.81683,266.78218
"356","result.1","ACCATCCGCCAACTAG-1",355.64356,117.9703
"357","result.1","ACCATCGTATATGGTA-1",344.18316,219.38119
"358","result.1","ACCATTAAGGGTGTCA-1",173.26732,94.87624
"359","result.1","ACCCAACGCCCGTGGC-1",274.08416,368.31683
"360","result.1","ACCCACCTACATGCTC-1",244.0594,162.25247
"361","result.1","ACCCATCTTGAGGGTA-1",314.72772,202.57426
"362","result.1","ACCCATTTGTCCCTCT-1",450.64356,415.07425
"363","result.1","ACCCGAGCGAAATTAC-1",455.79207,175.09901
"364","result.1","ACCCGATTGGTTCCGA-1",502.89603,195.24752
"365","result.1","ACCCGGAAACTCCCAG-1",432.64851,296.85643
"366","result.1","ACCCGGAGCACCACAA-1",445,492.82178
"367","result.1","ACCCGGATGACGCATC-1",321.26237,415.47029
"368","result.1","ACCCGGTTACACTTCC-1",344.25742,239.65346
"369","result.1","ACCCGTGTCATCAGTA-1",438.41584,259.65346
"370","result.1","ACCCTATAGGACTGAG-1",167.5495,145.56931
"371","result.1","ACCCTATGCCATATCG-1",426.5099,212.37624
"372","result.1","ACCCTCCCGTCAGGGC-1",503.56435,411.53465
"373","result.1","ACCCTCCCTTGCTATT-1",379.90099,361.21287
"374","result.1","ACCCTGGTAACGCCCT-1",221.46039,466.48514
"375","result.1","ACCCTTCATCTGCGAA-1",173.88614,297.64851
"376","result.1","ACCCTTTAGTTCTCCA-1",132.89604,348.46534
"377","result.1","ACCGAAAGGGCCCTGC-1",150.24752,257.15346
"378","result.1","ACCGAAGAGTCTGGTT-1",432.0792,114.35643
"379","result.1","ACCGACACATCTCCCA-1",456.18811,303.5396
"380","result.1","ACCGACTGAGTCCCAC-1",262.10396,300.74257
"381","result.1","ACCGATAGGCATAACC-1",450.84158,475.91584
"382","result.1","ACCGATATTTAATCAT-1",415.5693,482.77227
"383","result.1","ACCGATGGTAGCATCG-1",309.43069,388.46534
"384","result.1","ACCGCAATAACTGCCT-1",397.5,344.28217
"385","result.1","ACCGCGGTGGAAGTCG-1",356.60891,435.64356
"386","result.1","ACCGGGCCTTTGTTGA-1",368.29208,408.56435
"387","result.1","ACCGGTCAGGTACACC-1",443.88613,127.82178
"388","result.1","ACCGGTCTGAGTACGG-1",121.33663,416.0891
"389","result.1","ACCGTCCACTGGGCCC-1",467.30198,93.9604
"390","result.1","ACCGTGACCACGTGGG-1",455.89108,208.91089
"391","result.1","ACCGTTCCCGCTCTGA-1",126.85643,297.79703
"392","result.1","ACCTAAGTACCTTTCA-1",391.11386,178.68812
"393","result.1","ACCTAATCGACTTCCT-1",285.27227,179.0099
"394","result.1","ACCTACAGTATGTGGT-1",339.0594,459.35643
"395","result.1","ACCTACTATAAATCTA-1",497.25247,272.99505
"396","result.1","ACCTCCGCCCTCGCTG-1",421.31188,438.83663
"397","result.1","ACCTCCGTTATTCACC-1",297.87128,456.11386
"398","result.1","ACCTCGAACTTATGCT-1",479.15841,127.72277
"399","result.1","ACCTGCGTGTCATGTT-1",367.47524,138.19307
"400","result.1","ACCTTTCCTTTAGAAG-1",97.45049,301.26237
"401","result.1","ACGAAATGGGCGGCAC-1",285.19802,158.73762
"402","result.1","ACGACTGGTCATACTC-1",473.49009,191.95544
"403","result.1","ACGAGAACCCATCACG-1",144.18317,192.9703
"404","result.1","ACGAGATATTTGCTTA-1",150.54455,351.78217
"405","result.1","ACGAGGATACCACTCT-1",390.9901,138.14356
"406","result.1","ACGAGGTTTACAACGT-1",432.10396,121.11386
"407","result.1","ACGAGTACGGATGCCC-1",262.5,429.18316
"408","result.1","ACGAGTCGCCGGCGTT-1",120.37129,105.17327
"409","result.1","ACGATACATAGAACTA-1",226.9802,348.16831
"410","result.1","ACGATACCTATCCTGA-1",290.84158,80.9901
"411","result.1","ACGATCATACATAGAG-1",244.43069,290.66831
"412","result.1","ACGATCATCTTGTAAA-1",309.5297,422.27722
"413","result.1","ACGATGCATATGTTAT-1",314.80198,222.84653
"414","result.1","ACGATGGATCCGATGC-1",156.31188,314.60396
"415","result.1","ACGCAAACTAATAGAT-1",467.74752,235.91584
"416","result.1","ACGCAATCACTACAGC-1",244.92574,446.13861
"417","result.1","ACGCATAAATGACATG-1",127.32673,453.24257
"418","result.1","ACGCATACGTTTACTA-1",427.15346,421.90594
"419","result.1","ACGCATTCGTGAGTAC-1",291.46039,283.76237
"420","result.1","ACGCCACTCGAAACAG-1",538.56435,316.80693
"421","result.1","ACGCCAGATGATTTCT-1",197.5,324.60396
"422","result.1","ACGCCCAGCTGTCGAT-1",115.14851,318.09406
"423","result.1","ACGCCGCTAGACGACC-1",350.37128,317.37623
"424","result.1","ACGCCTGACACGCGCT-1",96.78218,78.19307
"425","result.1","ACGCGAAGTCAGACGA-1",385.54455,276.70792
"426","result.1","ACGCGCTACACAGGGT-1",338.19307,182.22772
"427","result.1","ACGCGGGCCAAGGACA-1",297.35148,287.12871
"428","result.1","ACGCGTTTCTTAAGAG-1",267.35148,94.57921
"429","result.1","ACGCTAGTATCAGTGC-1",98.06931,497.27722
"430","result.1","ACGCTAGTGATACACT-1",262.47524,415.66831
"431","result.1","ACGCTGTGAGGCGTAG-1",326.26237,121.43564
"432","result.1","ACGCTTAGTGTCTCTC-1",115.24752,351.90594
"433","result.1","ACGGAATTTAGCAAAT-1",185.27228,169.18317
"434","result.1","ACGGACTCTCAAAGCG-1",456.26237,330.5693
"435","result.1","ACGGAGCGCAAATTAC-1",203.73762,442.87128
"436","result.1","ACGGATGGTGCGGATA-1",432.79703,344.15841
"437","result.1","ACGGCACTTGCTTGGG-1",403.19307,280.0495
"438","result.1","ACGGCCAACATGGACT-1",409.0099,263.11881
"439","result.1","ACGGCGACGATGGGAA-1",385.71782,337.5495
"440","result.1","ACGGCGGGTTGCCCTG-1",126.5099,182.87129
"441","result.1","ACGGCTGGATGTAGAA-1",455.59405,114.28218
"442","result.1","ACGGGAGTGTCGGCCC-1",373.41584,161.83168
"443","result.1","ACGGGCGTATGCGACA-1",239.13366,476.5594
"444","result.1","ACGGGTCATGTGACTT-1",185.07426,108.34158
"445","result.1","ACGTACAGATTTCTCT-1",156.26237,301.06435
"446","result.1","ACGTAGATTGCTGATG-1",291.53465,304.03465
"447","result.1","ACGTATTACTCCGATC-1",338.88614,405.27227
"448","result.1","ACGTCCTAAACGAGAT-1",97.42574,287.74752
"449","result.1","ACGTCGGGCAACTCGG-1",496.68316,83.73762
"450","result.1","ACGTCTCGTTCCGGGA-1",355.5693,97.67327
"451","result.1","ACGTGACAAAGTAAGT-1",402.59901,90.79208
"452","result.1","ACGTGCGCCTCGTGCA-1",197.40099,290.81683
"453","result.1","ACGTGGTCGAATGTGC-1",109.35643,341.78217
"454","result.1","ACGTTAATGTCGAAGA-1",338.58911,310.64356
"455","result.1","ACGTTAGATTTGCCCG-1",326.5099,209.30693
"456","result.1","ACGTTATTGGTCACTC-1",208.63861,121.78218
"457","result.1","ACGTTCCGCGCTCCGT-1",144.38119,260.54455
"458","result.1","ACGTTCGCAATCAATT-1",292.00495,459.50495
"459","result.1","ACGTTCGTTCAGGAAA-1",450.07425,225.81683
"460","result.1","ACGTTCTGTACAAGTC-1",480,398.09406
"461","result.1","ACGTTTAGTTGTGATC-1",179.80198,307.77227
"462","result.1","ACTAATACGTCAGGCG-1",144.82673,409.25742
"463","result.1","ACTACATCCCGACAAG-1",467.42574,134.5297
"464","result.1","ACTACCAGCTCTCTGG-1",244.20792,216.31188
"465","result.1","ACTACGCGTTAGAATT-1",450.19802,266.38614
"466","result.1","ACTAGTTGCGATCGTC-1",391.88118,428.78712
"467","result.1","ACTATATGCTGTGTTC-1",174.30693,432.82178
"468","result.1","ACTATCCAGGGCATGG-1",321.36138,442.52475
"469","result.1","ACTATCGCCGGCTAAA-1",173.24257,81.33663
"470","result.1","ACTATCTGCCCGCGTA-1",409.62871,459.13366
"471","result.1","ACTATGTCCAGCTGCC-1",473.36633,151.38614
"472","result.1","ACTATTCGTCCGTGGT-1",179.87624,328.04455
"473","result.1","ACTATTTCCGGGCCCA-1",444.15841,215.69307
"474","result.1","ACTCAACGAATGTATT-1",138.29208,189.60396
"475","result.1","ACTCAAGTGCAAGGCT-1",450.49505,367.77227
"476","result.1","ACTCAATAAAGGCACG-1",244.50495,310.94059
"477","result.1","ACTCAGACCTGCTTCT-1",150.14851,223.36633
"478","result.1","ACTCATGGCAGCCTTC-1",490.94059,134.45544
"479","result.1","ACTCCAATATCATCAT-1",467.5495,175.07426
"480","result.1","ACTCCCATTCCTAAAG-1",373.34158,134.80198
"481","result.1","ACTCCCGAATTCGTTT-1",286.0396,429.10891
"482","result.1","ACTCCCGTAGACTAGG-1",221.53465,493.51485
"483","result.1","ACTCCCTAATGCTAAA-1",432.67326,310.37128
"484","result.1","ACTCCCTAGAATAGTA-1",379.77722,313.91089
"485","result.1","ACTCGATGTATTTCAT-1",202.72277,111.68317
"486","result.1","ACTCGCCGTTCGATAA-1",491.93069,452.12871
"487","result.1","ACTCGTAACCCGTCCT-1",385.14851,155.0495
"488","result.1","ACTCGTCAGTAATCCC-1",309.28218,341.16336
"489","result.1","ACTCTAAACCTGGGAT-1",255.5693,81.08911
"490","result.1","ACTCTCTGACTTAGGT-1",344.5792,341.06435
"491","result.1","ACTCTCTTATACACGA-1",144.70297,361.95544
"492","result.1","ACTCTGACCTAATAGA-1",503.5396,404.77722
"493","result.1","ACTCTTGTATAGTAAC-1",309.20792,314.13366
"494","result.1","ACTGAAACGCCGTTAG-1",432.92079,391.48514
"495","result.1","ACTGAATGGCGAAAGT-1",374.0099,357.87128
"496","result.1","ACTGATTTAGTGATTC-1",121.13861,348.4901
"497","result.1","ACTGCCCGCCATTCTC-1",496.95544,178.36633
"498","result.1","ACTGCCGTCGTAACTC-1",191.58416,314.48019
"499","result.1","ACTGCGGACACACCGT-1",315.59406,479.70297
"500","result.1","ACTGCTCGGAAGGATG-1",408.5396,107.67327
